{
  "projectType": [
    "sap.watt.saptoolsets.fiori.project.ui5template.smartProject",
    "sap.watt.uitools.ide.fiori",
    "com.watt.common.builder.sapui5clientbuild"
  ],
  "build": {
    "targetFolder": "dist",
    "sourceFolder": "webapp",
    "excludedFolders": [
      "test"
    ],
    "buildRequired": true
  },
  "generation": [
    {
      "templateId": "ui5template.smartTemplateCommon",
      "templateVersion": "1.40.12",
      "dateTimeStamp": "Sat, 14 Sep 2024 19:29:36 GMT"
    },
    {
      "templateId": "ui5template.smartTemplate",
      "templateVersion": "1.40.12",
      "dateTimeStamp": "Sat, 14 Sep 2024 19:29:36 GMT"
    }
  ],
  "mockpreview": {
    "mockUri": "/sap/opu/odata/sap/ZST7_ODATA_CUST_SRV",
    "metadataFilePath": "",
    "loadJSONFiles": false,
    "loadCustomRequests": false,
    "mockRequestsFilePath": ""
  },
  "codeCheckingTriggers": {
    "notifyBeforePush": true,
    "notifyBeforePushLevel": "Error",
    "blockPush": false,
    "blockPushLevel": "Error"
  },
  "translation": {
    "translationDomain": "",
    "supportedLanguages": "en,fr,de",
    "defaultLanguage": "en",
    "defaultI18NPropertyFile": "i18n.properties",
    "resourceModelName": "i18n"
  },
  "basevalidator": {
    "services": {
      "xml": "fioriXmlAnalysis",
      "js": "fioriJsValidator"
    }
  }
}