<?xml version="1.0" encoding="utf-8"?>
<edmx:Edmx xmlns:edmx="http://docs.oasis-open.org/odata/ns/edmx" Version="4.0">
	<edmx:Reference Uri="/sap/bc/ui5_ui5/ui2/ushell/resources/sap/ushell/components/factsheet/vocabularies/UI.xml">
		<edmx:Include Alias="UI" Namespace="com.sap.vocabularies.UI.v1"/>
	</edmx:Reference>
	<edmx:Reference Uri="/sap/opu/odata/sap/ZST7_ODATA_CUSTOMER_SRV/$metadata">
		<edmx:Include Alias="ZST7_ODATA_CUSTOMER_SRV" Namespace="ZST7_ODATA_CUSTOMER_SRV"/>
	</edmx:Reference>
	<edmx:DataServices>
		<Schema xmlns="http://docs.oasis-open.org/odata/ns/edm" Namespace="ui5_from_odata_srv.ZST7_ODATA_CUSTOMER_SRV">
			<!--===============================================================================
                Entity Type from chosen collection 
                ================================================================================-->
			<Annotations Target="ZST7_ODATA_CUSTOMER_SRV.zst7c_sales_hdr1Type">
				<Annotation Term="UI.Facets">
					<Collection>
						<Record Type="UI.CollectionFacet">
							<PropertyValue Property="ID" String="GeneralInformation"/>
							<PropertyValue Property="Label" String="{@i18n>@GeneralInfoFacetLabel}"/>
							<PropertyValue Property="Facets">
								<Collection>
									<Record Type="UI.ReferenceFacet">
										<PropertyValue Property="Label" String="{@i18n>@GeneralInfoFacetLabel}"/>
										<PropertyValue Property="Target" AnnotationPath="@UI.Identification"/>
									</Record>
								</Collection>
							</PropertyValue>
						</Record>
						<Record Type="UI.ReferenceFacet">
							<PropertyValue Property="Label" String="{@i18n>@SecondFacetLabel}"/>
							<PropertyValue Property="Target" AnnotationPath="to_salesitm/@UI.LineItem"/>
						</Record>
					</Collection>
				</Annotation>
			</Annotations>
			<!--===============================================================================
	                Entity Type from chosen navigation property
	                ================================================================================-->
			<Annotations Target="ZST7_ODATA_CUSTOMER_SRV.zst7c_sales_itm1Type">
				<Annotation Term="UI.Facets">
					<Collection>
						<Record Type="UI.CollectionFacet">
							<PropertyValue Property="ID" String="GeneralInformation"/>
							<PropertyValue Property="Label" String="{@i18n>@GeneralInfoFacetLabel}"/>
							<PropertyValue Property="Facets">
								<Collection>
									<Record Type="UI.ReferenceFacet">
										<PropertyValue Property="Label" String="{@i18n>@GeneralInfoFacetLabel}"/>
										<PropertyValue Property="Target" AnnotationPath="@UI.Identification"/>
									</Record>
								</Collection>
							</PropertyValue>
						</Record>
					</Collection>
				</Annotation>
			</Annotations>
		</Schema>
	</edmx:DataServices>
</edmx:Edmx>